slug,title,venue,year,doi,novelty
6-4-a-56gb-s-7-7mw-gb-s-pam-4-wireline-transceiver-in-10nm-finfet-using-mm-cdr-b,6.4 A 56Gb/s 7.7mW/Gb/s PAM-4 Wireline Transceiver in 10nm FinFET Using MM-CDR-Based ADC Timing Skew Control and Low-Power DSP with Approximate Multiplier,,,,
a-0-4-v-298-nj-op-neural-signal-spectral-feature-extraction-module-with-novel-ap,A 0.4 V 298 nJ/op Neural Signal Spectral Feature Extraction Module With Novel Approximate MACs and Custom Compressors,,,,
a-1-9-mw-svm-processor-with-on-chip-active-learning-for-epileptic-seizure-contro,A 1.9-mW SVM Processor With On-Chip Active Learning for Epileptic Seizure Control,,,10.3389/fnins.2014.00169,
a-comparative-evaluation-of-approximate-multipliers,A Comparative Evaluation of Approximate Multipliers,,,10.1109/ets.2013.6569370,
a-comparative-review-and-evaluation-of-approximate-adders,A Comparative Review and Evaluation of Approximate Adders,,,,
a-configurable-approximate-multiplier-for-cnns-using-partial-product-speculation,A Configurable Approximate Multiplier for CNNs using Partial Product Speculation,,,10.1126/science.1079567,
a-configurable-cordic-and-psadic-fusion-architecture-for-nonlinear-edge-computin,A Configurable CORDIC and PSADIC Fusion Architecture for Nonlinear Edge-Computing,,,10.1109/jiot.2022.3201571,
a-cost-efficient-iterative-truncated-logarithmic-multiplication-for-convolutiona,A Cost-Efficient Iterative Truncated Logarithmic Multiplication for Convolutional Neural Networks,,,10.1109/TC.2018.2880742,
a-data-distribution-aware-approximate-multiplier-design-based-on-fpga,A Data-Distribution Aware Approximate Multiplier,,,10.1109/ISCAS58,
a-design-approach-for-compressor-based-approximate-multipliers,A Design Approach for Compressor Based Approximate Multipliers,,,,
a-flexible-low-power-dsp-with-a-programmable-truncated-multiplier,A Flexible Low Power DSP With a Programmable Truncated Multiplier,,,,
a-fully-parallel-approximate-cordic-design,A Fully Parallel Approximate CORDIC Design,,,10.1109/ets.2013.6569370,
a-general-sign-bit-error-correction-scheme-for-approximate-adders,A General Sign Bit Error Correction Scheme for Approximate Adders,,,,
a-high-accuracy-and-hardware-efficient-adaptive-filter-design-with-approximate-c,A High Accuracy and Hardware Efficient Adaptive Filter Design with Approximate Computing,,,10.1109/tasl.2013.2255276,
a-high-performance-and-energy-efficient-fir-adaptive-filter-using-approximate-di,A High-Performance and Energy-Efficient FIR Adaptive Filter Using Approximate Distributed Arithmetic Circuits,,,,
a-low-error-and-high-performance-multiplexer-based-truncated-multiplier,A Low Error and High Performance Multiplexer-Based Truncated Multiplier,,,,
a-low-latency-and-high-accuracy-dual-mode-neuron-design-for-accelerating-neurolo,A Low-Latency and High-Accuracy Dual-Mode Neuron Design for Accelerating Neurological Diseases Simulation and Analysis,,,10.3389/fneur.2017.00335,
a-low-latency-generic-accuracy-configurable-adder,A low latency generic accuracy configurable adder,,,,
a-low-latency-power-series-approximate-computing-and-architecture-for-co-calcula,A Low-Latency Power Series Approximate Computing and Architecture for Co-Calculation of Division and Square Root,,,,
a-low-power-accuracy-configurable-floating-point-multiplier,A low-power accuracy-configurable floating point multiplier,,,,
a-low-power-and-high-accuracy-approximate-multiplier-with-reconfigurable-truncat,A Low-Power and High-Accuracy Approximate Multiplier With Reconfigurable Truncation,,,10.1109/islped.2015.7273520,
a-low-power-and-high-speed-approximate-adder-for-image-processing-applications,A low power and high speed approximate adder for image processing applications,,,10.36909/jer.10037,
a-low-power-configurable-adder-for-approximate-applications,A low-power configurable adder for approximate applications,,,,
a-low-power-dynamic-divider-for-approximate-applications,A low-power dynamic divider for approximate applications,,,,
a-low-power-high-performance-approximate-multiplier-with-configurable-partial-er,"A Low-Power, High-Performance Approximate Multiplier with Configurable Partial Error Recovery",,,10.1109/ets.2013.6569370,
a-low-power-high-performance-radix-4-approximate-squaring-circuit,A Low Power High Performance Radix-4 Approximate Squaring Circuit,,,,
a-low-power-high-speed-accuracy-controllable-approximate-multiplier-design,A low-power high-speed accuracy-controllable approximate multiplier design,,,,
a-low-power-i-carry-cut-back-i-approximate-adder-with-fixed-point-implementation,A low-power             <i>carry cut-back</i>             approximate adder with fixed-point implementation and floating-point precision,,,,
a-low-power-yet-high-speed-configurable-adder-for-approximate-computing,A Low-Power Yet High-Speed Configurable Adder for Approximate Computing,,,10.1109/tc.2005.40,
a-lut-based-approximate-adder,A LUT-Based Approximate Adder,,,,
a-majority-based-approximate-adder-for-fpgas,A Majority-based Approximate Adder for FPGAs,,,10.1109/socdc.2010.5682905,
a-majority-based-imprecise-multiplier-for-ultra-efficient-approximate-image-mult,A Majority-Based Imprecise Multiplier for Ultra-Efficient Approximate Image Multiplication,,,10.1145/1165573.1165661,
a-methodology-for-energy-quality-tradeoff-using-imprecise-hardware,A methodology for energy-quality tradeoff using imprecise hardware,,,,
a-modified-inexact-arithmetic-median-filter-for-removing-salt-and-pepper-noise-f,A Modified Inexact Arithmetic Median Filter for Removing Salt-and-Pepper Noise From Gray-Level Images,,,null`,
a-multiplication-free-approximate-algorithm-for-the-inverse-discrete-cosine-tran,A multiplication-free approximate algorithm for the inverse discrete cosine transform,,,,
a-new-approximate-adder-with-low-relative-error-and-correct-sign-calculation,A New Approximate Adder with Low Relative Error and,,,,
a-new-circuit-simplification-method-for-error-tolerant-applications,A new circuit simplification method for error tolerant applications,,,,
a-newton-raphson-method-based-approximate-divider-design-for-color-quantization,A newton raphson method based approximate divider design for color quantization application,,,10.1109/ISOCC53507.2021.9613961,
a-novel-heterogeneous-approximate-multiplier-for-low-power-and-high-performance,A Novel Heterogeneous Approximate Multiplier for Low Power and High Performance,,,,
a-novel-high-speed-low-power-cntfet-based-inexact-full-adder-cell-for-image-proc,"A Novel High-Speed, Low-Power CNTFET-Based Inexact Full Adder Cell for Image Processing Application of Motion Detector",,,10.1142/S0218126617500827,
a-novel-majority-based-imprecise-4-2-compressor-with-respect-to-the-current-and,A novel majority based imprecise 4:2 compressor with respect to the current and future VLSI industry,,,,
a-novel-unit-circle-approach-for-computation-of-sine-function,A novel unit circle approach for computation of sine function,,,10.1109/tc.2005.201,
a-power-aware-digital-feedforward-neural-network-platform-with-backpropagation-d,A power-aware digital feedforward neural network platform with backpropagation driven approximate synapses,,,,
a-probabilistic-error-model-and-framework-for-approximate-booth-multipliers,A Probabilistic Error Model and Framework for Approximate Booth Multipliers,,,,
a-probabilistic-prediction-based-fixed-width-booth-multiplier-for-approximate-co,A Probabilistic Prediction-Based Fixed-Width Booth Multiplier for Approximate Computing,,,,
a-quality-configurable-approximate-serial-bus-for-energy-efficient-sensory-data,A Quality-Configurable Approximate Serial Bus for Energy-Efficient Sensory Data Transfer,,,,
a-re-design-technique-for-datapath-modules-in-error-tolerant-applications,A Re-design Technique for Datapath Modules in Error Tolerant Applications,,,,
a-reconfigurable-approximate-computing-architecture-with-dual-vdd-for-low-power,A Reconfigurable Approximate Computing,,,,
a-reconfigurable-approximate-multiplier-for-quantized-cnn-applications,A Reconfigurable Approximate Multiplier for Quantized CNN Applications,,,10.1109/ASP-DAC47756.2020.9045176,
a-retrospective-and-prospective-view-of-approximate-computing,A Retrospective and Prospective View of Approximate Computing,,,,
a-review-classification-and-comparative-evaluation-of-approximate-arithmetic-cir,"A Review, Classification, and Comparative Evaluation of Approximate Arithmetic Circuits",,,http://dx.doi.org/10.1145/3094124,
a-simple-yet-efficient-accuracy-configurable-adder-design,A Simple Yet Efficient Accuracy-Configurable Adder Design,,,,
a-spatial-multi-bit-sub-1-v-time-domain-matrix-multiplier-interface-for-approxim,A Spatial Multi-Bit Sub-1-V Time-Domain Matrix Multiplier Interface for Approximate Computing in 65-nm CMOS,,,,
a-survey-of-techniques-for-approximate-computing,A Survey of Techniques for Approximate Computing,,,,
a-test-pattern-generation-technique-for-approximate-circuits-based-on-an-ilp-for,A Test Pattern Generation Technique for Approximate Circuits Based on an ILP-Formulated Pattern Selection Procedure,,,,
a-theoretical-framework-for-quality-estimation-and-optimization-of-dsp-applicati,A Theoretical Framework for Quality Estimation and Optimization of DSP Applications Using Low-Power Approximate Adders,,,,
a-two-stage-operand-trimming-approximate-logarithmic-multiplier,A Two-Stage Operand Trimming Approximate Logarithmic Multiplier,,,10.1109/TETC.2021.3050989,
abacus-a-technique-for-automated-behavioral-synthesis-of-approximate-computing-c,ABACUS: A Technique for Automated Behavioral Synthesis of Approximate Computing Circuits,,,,
aca-csu-a-carry-selection-based-accuracy-configurable-approximate-adder-design,ACA-CSU: A Carry Selection Based Accuracy Configurable Approximate Adder Design,,,,
acam,ACAM,,,,
acbam-accuracy-configurable-sign-inclusive-broken-array-booth-multiplier-design,ACBAM-Accuracy-Configurable Sign Inclusive,,,,
acceleration-techniques-for-automated-design-of-approximate-convolutional-neural,Acceleration Techniques for Automated Design of,,,,
accuracy-aware-power-management-for-many-core-systems-running-error-resilient-ap,Accuracy-Aware Power Management for Many-Core Systems Running Error-Resilient Applications,,,,
accuracy-configurable-adder-for-approximate-arithmetic-designs,Accuracy-configurable adder for approximate arithmetic designs,,,,
accuracy-configurable-approximate-multiplier-with-error-detection-and-correction,Accuracy-Configurable Approximate Multiplier with Error Detection and Correction,,,10.1109/edssc.2010.5713751,
accuracy-configurable-radix-4-adder-with-a-dynamic-output-modification-scheme,Accuracy-Configurable Radix-4 Adder With a Dynamic Output Modification Scheme,,,10.1109/TCSI.2018.2868513,
accuracy-configurable-segmentation-based-approximate-multiplier-for-error-resili,ACSAM: Accuracy-configurable Segmentation-based Approximate Multiplier for Error-resilient Edge-AI Applications,,,10.1145/3610291,
accuracy-evaluation-of-a-trained-neural-network-by-energy-efficient-approximate,Accuracy evaluation of a trained neural network by energy efficient approximate 4:2 compressor,,,,
accurate-reliability-analysis-methods-for-approximate-computing-circuits,Accurate reliability analysis methods for approximate computing circuits,,,10.1109/TETC.2018.2871861,
ace-cnn-approximate-carry-disregard-multipliers-for-energy-efficient-cnn-based-i,ACE-CNN: Approximate Carry Disregard Multipliers for Energy-Efficient CNN-Based,,,,
acla-an-approximate-carry-lookahead-adder-with-intelligent-carry-judgement-and-c,ACLA: An Approximate Carry-Lookahead Adder with Intelligent Carry Judgement and Correction,,,,
acm-an-energy-efficient-accuracy-configurable-multiplier-for-error-resilient-app,ACM: An Energy-Efficient Accuracy Configurable Multiplier for Error-Resilient Applications,,,10.1007/s10836-017-5667-8,
acma-accuracy-configurable-multiplier-architecture-for-error-resilient-system-on,ACMA: Accuracy-configurable multiplier architecture for error-resilient System-on-Chip,,,,
adapt-fast-emulation-of-approximate-dnn-accelerators-in-pytorch,AdaPT: Fast Emulation of Approximate DNN Accelerators in PyTorch,,,,
adaptive-approximate-adder-a-sup-3-sup-to-reduce-error-distance-for-image-proces,Adaptive approximate adder (A<sup>3</sup>) to reduce error distance for image processor,,,,
adaptive-approximate-computing-in-arithmetic-datapaths,Adaptive Approximate Computing in Arithmetic Datapaths,,,,
adaptive-approximation-in-arithmetic-circuits-a-low-power-unsigned-divider-desig,Adaptive approximation in arithmetic circuits: A low-power unsigned divider design,,,,
adaptive-bit-significance-controlled-gdi-based-approximate-full-adder-for-energy,Adaptive Bit-Significance Controlled GDI-Based Approximate Full Adder for Energy-Efficient Arithmetic Architectures,,,,
adepos-a-novel-approximate-computing-framework-for-anomaly-detection-systems-and,ADEPOS: A Novel Approximate Computing Framework for Anomaly Detection Systems and its Implementation in 65-nm CMOS,,,,
adic-anomaly-detection-integrated-circuit-in-65-nm-cmos-utilizing-approximate-co,ADIC: Anomaly Detection Integrated Circuit in 65-nm CMOS Utilizing Approximate Computing,,,,
al-mac-adaptive-error-compensation-approximate-mac,AL-MAC: Adaptive Error Compensation Approximate MAC,,,10.1109/isocc.2016.7799794,
algorithm-and-design-of-a-fully-parallel-approximate-coordinate-rotation-digital,Algorithm and Design of a Fully Parallel Approximate Coordinate Rotation Digital Computer (CORDIC),,,10.1109/ets.2013.6569370,
algorithmic-level-approximate-computing-applied-to-energy-efficient-hevc-decodin,Algorithmic-Level Approximate Computing Applied to Energy Efficient HEVC Decoding,,,,
algorithmic-methodologies-for-ultra-efficient-inexact-architectures-for-sustaini,Algorithmic methodologies for ultra-efficient inexact architectures for sustaining technology scaling,,,,
amcal-approximate-multiplier-with-the-configurable-accuracy-levels-for-image-pro,AMCAL: Approximate Multiplier With the Configurable Accuracy Levels for Image Processing and Convolutional Neural Network,,,10.1109/tcad.2012.2223467,
ampereish-approximate-multipliers-for-power-efficiency-in-fpga-designs-using-int,AMPEREISH: Approximate Multipliers for Power Efficiency in FPGA Designs Using Internal-Self-Healing,,,10.1109/access.2024.3467375,
an-800-mhz-mixed-v-lt-inf-gt-t-lt-inf-gt-4t-gain-cell-embedded-dram-in-28-nm-cmo,An 800 Mhz mixed-V&lt;inf&gt;T&lt;/inf&gt; 4T gain-cell embedded DRAM in 28 nm CMOS bulk process for approximate computing applications,,,,
an-accuracy-and-efficiency-configurable-blade-type-approximate-multiplier-with-g,An Accuracy-and-Efficiency-Configurable Blade-Type Approximate Multiplier With Genetic Algorithm-Based Automatic Training Framework,,,10.1109/aeect.2017.8257753,
an-accuracy-configurable-adder-for-low-power-applications,An Accuracy-Configurable Adder for Low-Power Applications,,,,
an-accuracy-reconfigurable-vector-accelerator-based-on-approximate-logarithmic-m,An Accuracy Reconfigurable Vector Accelerator based on,,,10.1109/ASP-DAC52403.2022.9712504,
an-analytical-framework-for-evaluating-the-error-characteristics-of-approximate,An Analytical Framework for Evaluating the Error Characteristics of Approximate Adders,,,,
an-approach-to-energy-error-tradeoffs-in-approximate-ripple-carry-adders,An approach to energy-error tradeoffs in approximate ripple carry adders,,,,
an-approximate-adder-with-a-near-normal-error-distribution-design-error-analysis,"An Approximate Adder With a Near-Normal Error Distribution: Design, Error Analysis and Practical Application",,,,
an-approximate-multiply-accumulate-unit-with-low-power-and-reduced-area,An Approximate Multiply-Accumulate Unit with Low Power and Reduced Area,,,,
an-area-efficient-consolidated-configurable-error-correction-for-approximate-har,An area-efficient consolidated configurable error correction for approximate hardware accelerators,,,,
an-effective-tmr-approach-for-low-latency-configurable-accuracy-adders,An Effective TMR Approach for Low-Latency Configurable-Accuracy Adders,,,10.1109/ets48528.2020.9131557,
an-efficient-inexact-full-adder-cell-design-in-cnfet-technology-with-high-psnr-f,An efficient inexact Full Adder cell design in CNFET technology with high-PSNR for image processing,,,10.1080/00207217.2019.1576232,
an-efficient-light-weight-configurable-approximate-adder-design,An Efficient Light-weight Configurable Approximate Adder Design,,,10.1109/jproc.2020.3006451,
an-efficient-majority-based-compressor-for-approximate-computing-in-the-nano-era,An efficient majority-based compressor for approximate computing in the nano era,,,,
an-efficient-scaling-free-folded-hyperbolic-cordic-design-using-a-novel-low-comp,An Efficient Scaling-Free Folded Hyperbolic CORDIC Design Using a Novel Low-Complexity Power-of-2 Taylor Series Approximation,,,10.1007/b98225,
an-energy-efficient-approximate-adder-with-carry-skip-for-error-resilient-neurom,An energy efficient approximate adder with carry skip for error resilient neuromorphic VLSI systems,,,,
an-energy-efficient-approximate-dct-for-wireless-capsule-endoscopy-application,An Energy-Efficient Approximate DCT for Wireless Capsule Endoscopy Application,,,10.1109/wcica.2004.1343799,
an-energy-efficient-approximate-divider-based-on-logarithmic-conversion-and-piec,An Energy-Efficient Approximate Divider Based on Logarithmic Conversion and Piecewise Constant Approximation,,,10.1145/3316781.3317793,
an-energy-efficient-generic-accuracy-configurable-multiplier-based-on-block-leve,An Energy-Efficient Generic Accuracy,,,,
an-energy-efficient-imprecise-adder-with-a-lower-part-constant-approximation,An Energy-Efficient Imprecise Adder with a Lower-part Constant Approximation,,,,
an-energy-efficient-yet-highly-accurate-approximate-non-iterative-divider,"An Energy-Efficient, Yet Highly-Accurate, Approximate Non-Iterative Divider",,,,
an-error-efficient-and-low-complexity-approximate-multibit-adder-for-image-proce,An error efficient and low complexity approximate multi‐bit adder for image processing applications,,,10.1002/cta.3074,
an-inexact-ultra-low-power-bio-signal-processing-architecture-with-lightweight-e,An Inexact Ultra-low Power Bio-signal Processing Architecture With Lightweight Error Recovery,,,,
an-ultra-efficient-approximate-multiplier-with-error-compensation-for-error-resi,An Ultra-Efficient Approximate Multiplier With Error Compensation for Error-Resilient Applications,,,10.1109/tc.2014.2308214,
analysis-and-characterization-of-inherent-application-resilience-for-approximate,Analysis and characterization of inherent application resilience for approximate computing,,,,
analysis-and-design-of-a-passive-switched-capacitor-matrix-multiplier-for-approx,Analysis and Design of a Passive Switched-Capacitor Matrix Multiplier for Approximate Computing,,,,
analysis-and-testing-for-error-tolerant-motion-estimation,Analysis and testing for error tolerant motion estimation,,,,
analysis-of-approximate-multiplier-using-15-4-compressor-for-error-tolerant-appl,Analysis of Approximate Multiplier Using 15–4 Compressor for Error Tolerant Application,,,,
analyzing-imprecise-adders-using-bdds-a-case-study,Analyzing Imprecise Adders Using BDDs -- A Case Study,,,,
analyzing-the-impact-of-approximate-adders-on-the-reliability-of-fpga-accelerato,Analyzing the Impact of Approximate Adders on the Reliability of FPGA Accelerators,,,,
applicability-of-approximate-multipliers-in-hardware-neural-networks,Applicability of approximate multipliers in hardware neural networks,,,,
application-of-dual-mode-precision-configurable-error-correctable-adder-for-ener,Application of Dual-Mode Precision Configurable Error-Correctable Adder for Energy Efficiency,,,10.1109/tcad.2012.2217962,
approxann-an-approximate-computing-framework-for-artificial-neural-network,ApproxANN: An Approximate Computing Framework for Artificial Neural Network,,,,
approxfpgas-embracing-asic-based-approximate-arithmetic-components-for-fpga-base,ApproxFPGAs: Embracing ASIC-Based Approximate Arithmetic Components for FPGA-Based Systems,,,,
approximate-32-bit-floating-point-unit-design-with-53-power-area-product-reducti,Approximate 32-bit floating-point unit design with 53% power-area product reduction,,,,
approximate-adder-tree-synthesis-for-fpgas,Approximate Adder Tree Synthesis for FPGAs,,,,
approximate-adder-with-hybrid-prediction-and-error-compensation-technique,Approximate Adder with Hybrid Prediction and Error Compensation Technique,,,,
approximate-adder-with-output-correction-for-error-tolerant-applications-and-gau,Approximate adder with output correction for error tolerant applications and Gaussian distributed inputs,,,,
approximate-arithmetic-circuits-a-survey-characterization-and-recent-application,"Approximate Arithmetic Circuits: A Survey, Characterization, and Recent Applications",,,10.1109/ets.2013.6569370,
approximate-arithmetic-circuits-design-and-evaluation,Approximate Arithmetic Circuits: Design and Evaluation,,,,
approximate-arithmetic-for-low-power-image-median-filtering,Approximate Arithmetic for Low-Power Image Median Filtering,,,10.1109/tassp.1983.11,
approximate-carry-look-ahead-adder-a-cla-with-partitioned-precision-control-and,Approximate Carry Look-Ahead Adder (A-CLA) with Partitioned Precision Control and Runtime Configurable Accuracy,,,10.1109/ISAECT68904.2025.11318803,
approximate-circuit-design-by-means-of-evolvable-hardware,Approximate circuit design by means of evolvable hardware,,,,
approximate-compressed-sensing,Approximate compressed sensing,,,,
approximate-compressors-for-error-resilient-multiplier-design,Approximate Compressors for Error-Resilient Multiplier Design,,,10.1109/ets.2013.6569370,
approximate-computing-a-survey,Approximate Computing: A Survey,,,10.1109/jproc.2008.917729,
approximate-computing-an-emerging-paradigm-for-energy-efficient-design,Approximate Computing: An Emerging Paradigm for Energy-Efficient Design,,,10.1109/iccad.2011.6105401,
approximate-computing-an-energy-efficient-computing-technique-for-error-resilien,Approximate Computing: An Energy-Efficient Computing Technique for Error Resilient Applications,,,,
approximate-computing-an-integrated-hardware-approach,Approximate computing: An integrated hardware approach,,,,
approximate-computing-and-its-application-to-hardware-security,Approximate Computing and Its Application to Hardware Security,,,,
approximate-computing-and-the-quest-for-computing-efficiency,Approximate computing and the quest for computing efficiency,,,,
approximate-computing-concepts-architectures-challenges-applications-and-future,"Approximate Computing: Concepts, Architectures, Challenges, Applications, and Future Directions",,,,
approximate-computing-energy-efficient-computing-with-good-enough-results,Approximate computing: Energy-efficient computing with good-enough results,,,,
approximate-computing-for-ml,Approximate Computing for ML,,,,
approximate-computing-for-spiking-neural-networks,Approximate computing for spiking neural networks,,,,
approximate-computing-in-mos-spintronic-non-volatile-full-adder,Fault Tolerant Approximate Computing Using Emerging Non-Volatile Spintronic Memories,,,10.1109/socdc.2009.5423856,
approximate-computing-making-mobile-systems-more-efficient,Approximate Computing: Making Mobile Systems More Efficient,,,,
approximate-computing-methods-for-embedded-machine-learning,Approximate Computing Methods for Embedded Machine Learning,,,10.1109/JETCAS.2018.2835809,
approximate-computing-using-multiple-access-single-charge-associative-memory,Approximate Computing Using Multiple-Access Single-Charge Associative Memory,,,,
approximate-dct-image-compression-using-inexact-computing,Approximate DCT Image Compression Using Inexact Computing,,,10.1007/978-94-009-5113-6_8,
approximate-designs-for-fast-fourier-transform-fft-with-application-to-speech-re,Approximate Designs for Fast Fourier Transform (FFT) With Application to Speech Recognition,,,,
approximate-floating-point-fft-design-with-wide-precision-range-and-high-energy,Approximate Floating-Point FFT Design with Wide Precision-Range and High Energy Efficiency,,,,
approximate-fpga-implementation-of-cordic-for-tactile-data-processing-using-spec,Approximate FPGA Implementation of CORDIC for Tactile Data Processing Using Speculative Adders,,,10.1109/msp.2012.2203480,
approximate-hybrid-high-radix-encoding-for-energy-efficient-inexact-multipliers,Approximate Hybrid High Radix Encoding for Energy-Efficient Inexact Multipliers,,,10.1145/2463209.2488873,
approximate-integer-and-floating-point-dividers-with-near-zero-error-bias,Approximate Integer and Floating-Point Dividers with Near-Zero Error Bias,,,,
approximate-leading-one-detector-design-for-a-hardware-efficient-mitchell-multip,Approximate Leading One Detector Design for a Hardware-Efficient Mitchell Multiplier,,,,
approximate-logic-circuits-for-low-overhead-non-intrusive-concurrent-error-detec,"Approximate logic circuits for low overhead, non-intrusive concurrent error detection",,,,
approximate-logic-synthesis-for-error-tolerant-applications,Approximate logic synthesis for error tolerant applications,,,,
approximate-logic-synthesis-under-general-error-magnitude-and-frequency-constrai,Approximate logic synthesis under general error magnitude and frequency constraints,,,,
approximate-mac-unit-using-static-segmentation,Approximate MAC Unit Using Static Segmentation,,,10.1109/ACSSC.2015.7421167,
approximate-multiplication-and-division-for-arithmetic-data-value-speculation-in,Approximate Multiplication and Division for Arithmetic Data Value Speculation in a RISC Processor,,,,
approximate-multiplier-design-using-novel-dual-stage-4-2-compressors,Approximate Multiplier Design Using Novel Dual-Stage 4:2 Compressors,,,10.1109/tvlsi.2009.2022531,
approximate-multiplier-for-optimized-power-and-delay,Approximate Multiplier for Optimized Power and Delay,,,10.1109/ACCESS.2022.3179112.,
approximate-multiplier-using-reordered-4-2-compressor-with-or-based-error-compen,Approximate Multiplier Using Reordered 4–2 Compressor with OR-based Error Compensation,,,,
approximate-multipliers-based-on-a-novel-unbiased-approximate-4-2-compressor,Approximate multipliers based on a novel unbiased approximate 4-2 compressor,,,,
approximate-multipliers-based-on-inexact-adders-for-energy-efficient-data-proces,Approximate Multipliers Based on Inexact Adders for Energy Efficient Data Processing,,,10.1109/TOH.2016.2618377.,
approximate-multipliers-based-on-new-approximate-compressors,Approximate Multipliers Based on New Approximate Compressors,,,10.1109/ets.2013.6569370,
approximate-multipliers-using-static-segmentation-error-analysis-and-improvement,Approximate Multipliers Using Static Segmentation: Error Analysis and Improvements,,,10.23919/DATE.2017.7926950.,
approximate-multipliers-with-dynamic-truncation-for-energy-reduction-via-gracefu,Approximate Multipliers With Dynamic Truncation for Energy Reduction via Graceful Quality Degradation,,,10.1109/ets.2013.6569370,
approximate-on-the-fly-coarse-grained-reconfigurable-acceleration-for-general-pu,Approximate On-The-Fly Coarse-Grained Reconfigurable Acceleration for General-Purpose Applications,,,,
approximate-quaternary-addition-with-the-fast-carry-chains-of-fpgas,Approximate quaternary addition with the fast carry chains of FPGAs,,,,
approximate-radix-8-booth-multipliers-for-low-power-and-high-performance-operati,Approximate Radix-8 Booth Multipliers for Low-Power and High-Performance Operation,,,,
approximate-reconfigurable-hardware-accelerator-adapting-the-micro-architecture,Approximate Reconfigurable Hardware Accelerator: Adapting the Micro-Architecture to Dynamic Workloads,,,,
approximate-recursive-multipliers-using-low-power-building-blocks,Approximate Recursive Multipliers Using Low Power Building Blocks,,,10.1109/TCSI.2018.2792902.,
approximate-reverse-carry-propagate-adder-for-energy-efficient-dsp-applications,Approximate Reverse Carry Propagate Adder for Energy-Efficient DSP Applications,,,,
approximate-ripple-carry-and-carry-lookahead-adders-a-comparative-analysis,Approximate ripple carry and carry lookahead adders — A comparative analysis,,,,
approximate-signal-processing,Approximate Signal Processing,,,,
approximate-sram-for-energy-efficient-privacy-preserving-convolutional-neural-ne,"Approximate SRAM for Energy-Efficient, Privacy-Preserving Convolutional Neural Networks",,,,
approximate-storage-for-energy-efficient-spintronic-memories,Approximate storage for energy efficient spintronic memories,,,,
approximate-storage-in-solid-state-memories,Approximate storage in solid-state memories,,,,
approximate-storage-in-solid-state-memories-2,Approximate Storage in Solid-State Memories,,,,
approximate-tmr-based-on-successive-approximation-and-loop-perforation-in-microp,Approximate TMR based on successive approximation and loop perforation in microprocessors,,,,
approximate-xor-xnor-based-adders-for-inexact-computing,Approximate XOR/XNOR-based adders for inexact computing,,,10.1109/ets.2013.6569370,
approximation-aware-rewriting-of-aigs-for-error-tolerant-applications,Approximation-aware rewriting of AIGs for error tolerant applications,,,http://dx.doi.org/10.1145/2966986.2967003,
approximation-through-logic-isolation-for-the-design-of-quality-configurable-cir,Approximation through Logic Isolation for the Design of Quality Configurable Circuits,,,,
approxit-an-approximate-computing-framework-for-iterative-methods,ApproxIt: An approximate computing framework for iterative methods,,,,
approxlp,ApproxLP,,,,
approxma,ApproxMA,,,,
approxtrain-fast-simulation-of-approximate-multipliers-for-dnn-training-and-infe,ApproxTrain: Fast Simulation of Approximate Multipliers for DNN Training and Inference,,,,
aptpu-approximate-computing-based-tensor-processing-unit,APTPU: Approximate Computing,,,,
architectural-space-exploration-of-approximate-multipliers,Architectural-space exploration of approximate multipliers,,,http://dx.doi.org/10.1145/2966986.2967005,
architecture-support-for-disciplined-approximate-programming,Architecture support for disciplined approximate programming,,,,
architecture-support-for-disciplined-approximate-programming-2,Architecture support for disciplined approximate programming,,,,
architecture-support-for-disciplined-approximate-programming-3,Architecture support for disciplined approximate programming,,,,
area-and-power-efficient-truncated-booth-multipliers-using-approximate-carry-bas,Area and Power Efficient Truncated Booth Multipliers Using Approximate Carry-Based Error Compensation,,,10.1109/ets.2013.6569370,
area-efficient-approximate-4-2-compressor-and-probability-based-error-adjustment,Area Efficient Approximate 4–2 Compressor and Probability-Based Error Adjustment for Approximate Multiplier,,,10.1109/tcsi.2020.2988353,
area-optimized-accurate-and-approximate-softcore-signed-multiplier-architectures,Area-Optimized Accurate and Approximate Softcore Signed Multiplier Architectures,,,,
area-optimized-low-latency-approximate-multipliers-for-fpga-based-hardware-accel,Area-Optimized Low-Latency Approximate Multipliers for FPGA-based Hardware Accelerators,,,,
aria-autonomous-runtime-intelligence-architecture-for-ai-data-centre-adaptive-ap,ARIA: Autonomous Runtime Intelligence Architecture for AI Data-centre Adaptive Approximate Multipliers,,,10.1108/cw-07-2020-0147,
array-based-approximate-arithmetic-computing-a-general-model-and-applications-to,Array-Based Approximate Arithmetic Computing: A General Model and Applications to Multiplier and Squarer Design,,,,
aslan-synthesis-of-approximate-sequential-circuits,ASLAN: Synthesis of approximate sequential circuits,,,,
asmpec-approximate-sum-based-mapping-of-partial-products-with-error-correction-f,ASMPEC: Approximate-Sum-Based Mapping of,,,10.1109/TC.2020.2988404,
automated-search-based-functional-approximation-for-digital-circuits,Automated Search-Based Functional Approximation for Digital Circuits,,,,
automatic-design-of-approximate-circuits-by-means-of-multi-objective-evolutionar,Automatic design of approximate circuits by means of multi-objective evolutionary algorithms,,,,
automatic-generation-of-inexact-digital-circuits-by-gate-level-pruning,Automatic generation of inexact digital circuits by gate-level pruning,,,,
axbench-a-multiplatform-benchmark-suite-for-approximate-computing,AxBench: A Multiplatform Benchmark Suite for Approximate Computing,,,,
axbms-approximate-radix-8-booth-multipliers-for-high-performance-fpga-based-acce,AxBMs: Approximate Radix-8 Booth Multipliers for High-Performance FPGA-Based Accelerators,,,10.1109/TC.2020.2988404,
axhls,AxHLS,,,,
axilog-language-support-for-approximate-hardware-design,Axilog: Language Support for Approximate Hardware Design,,,,
axnet,AXNet: ApproXimate computing using an end-to-end trainable neural network,,,,
axnn,AxNN,,,,
axppa-approximate-parallel-prefix-adders,AxPPA: Approximate Parallel Prefix Adders,,,10.1145/2744769.2744778,
axrlwe-a-multilevel-approximate-ring-lwe-co-processor-for-lightweight-iot-applic,AxRLWE: A Multilevel Approximate Ring-LWE Co-Processor for Lightweight IoT Applications,,,,
axrms-approximate-recursive-multipliers-using-high-performance-building-blocks,AxRMs: Approximate Recursive Multipliers using High-Performance Building Blocks,,,10.1109/TETC.2020.3013977,
axserbus-a-quality-configurable-approximate-serial-bus-for-energy-efficient-sens,AXSERBUS: A quality-configurable approximate serial bus for energy-efficient sensing,,,,
balancing-adder-for-error-tolerant-applications,Balancing Adder for error tolerant applications,,,,
biased-compressor-based-approximate-multiplier-design-using-genetic-algorithm,Biased Compressor Based Approximate Multiplier Design Using Genetic Algorithm,,,10.1109/tpds.2021.3129647,
bio-inspired-imprecise-computational-blocks-for-efficient-vlsi-implementation-of,Bio-Inspired Imprecise Computational Blocks for Efficient VLSI Implementation of Soft-Computing Applications,,,10.1109/tsmcc.2002.801354,
block-based-carry-speculative-approximate-adder-for-energy-efficient-application,Block-Based Carry Speculative Approximate Adder for Energy-Efficient Applications,,,,
brainiac-bringing-reliable-accuracy-into-neurally-implemented-approximate-comput,BRAINIAC: Bringing reliable accuracy into neurally-implemented approximate computing,,,,
c-simd-cordic-driven-simd-processing-element-for-resource-efficient-multi-precis,C-SIMD: CORDIC-Driven SIMD Processing Element for Resource-Efficient Multi-Precision Deep Learning Inference,,,10.1109/jproc.2017.2761740,
caam-compressor-based-adaptive-approximate-multiplier-for-neural-network-applica,CAAM: Compressor-Based Adaptive Approximate Multiplier for Neural Network Applications,,,10.1109/JETCAS.2018.2832204,
cade-configurable-approximate-divider-for-energy-efficiency,CADE: Configurable Approximate Divider for Energy Efficiency,,,10.1109/mcom.2011.5978416,
carry-disregard-approximate-multipliers,Carry Disregard Approximate Multipliers,,,,
characterizing-approximate-adders-and-multipliers-optimized-under-different-desi,Characterizing Approximate Adders and Multipliers Optimized under Different Design Constraints,,,,
chisel,Chisel,,,,
cl-mac-cross-layer-mac-protocol-for-delay-sensitive-wireless-sensor-network-appl,CL-MAC: Cross-layer MAC Protocol for Delay Sensitive Wireless Sensor Network Applications,,,,
clast-cross-layer-approximate-high-level-synthesis-with-configurable-approximate,CLAST: Cross-Layer Approximate High-Level Synthesis with Configurable Approximate Three-Operand Adders,,,,
clustering-based-approach-for-hardware-implementation-of-activation-functions,Clustering-Based-Approach for Hardware Implementation of Activation Functions,,,10.1109/access.2017.2776930,
cnn-inference-using-a-preprocessing-precision-controller-and-approximate-multipl,CNN Inference Using a Preprocessing Precision Controller and Approximate Multipliers With Various Precisions,,,,
code-acceleration-using-memristor-based-approximate-matrix-multiplier-applicatio,Code Acceleration Using Memristor-Based Approximate Matrix Multiplier: Application to Convolutional Neural Networks,,,,
combining-restoring-array-and-logarithmic-dividers-into-an-approximate-hybrid-de,Combining Restoring Array and Logarithmic Dividers into an Approximate Hybrid Design,,,,
combining-structural-and-timing-errors-in-overclocked-inexact-speculative-adders,Combining structural and timing errors in overclocked inexact speculative adders,,,,
comparative-study-of-approximate-multipliers,Comparative Study of Approximate Multipliers,,,,
comparison-and-extension-of-approximate-4-2-compressors-for-low-power-approximat,Comparison and Extension of Approximate 4-2 Compressors for Low-Power Approximate Multipliers,,,10.1145/2463209.2488873,
comprehensive-analysis-of-input-order-invariant-approximate-4-2-compressors-for,Comprehensive Analysis of Input Order Invariant Approximate 4-2 Compressors for Binary,,,10.1109/ISCAS58,
compressor-based-adaptive-approximate-multiplier-with-mfa-and-clock-gating-for-r,Compressor-Based Adaptive Approximate Multiplier with MFA and Clock Gating for Reduced Latency in Neural Network Applications,,,10.1109/tvlsi.2016.2643639,
compressor-based-adaptive-approximate-multiplier-with-pipelining-concept-for-red,Compressor-Based Adaptive Approximate Multiplier with Pipelining Concept for Reduced Latency in Neural Network Applications,,,10.1109/les.2022.3199273,
compressor-based-approach-for-power-optimized-error-tolerant-high-accurate-appro,Compressor-Based Approach for Power-Optimized Error-Tolerant High Accurate Approximate Multipliers Design and Implementation,,,|,
configurable-accuracy-approximate-adder-design-with-light-weight-fast-convergenc,Configurable-accuracy approximate adder design with light-weight fast convergence error recovery circuit,,,,
configurable-dsi-partitioned-approximate-multiplier,Configurable DSI partitioned approximate multiplier,,,,
correction-balasubramanian-p-et-al-hardware-optimized-and-error-reduced-approxim,"Correction: Balasubramanian, P., et al. Hardware Optimized and Error Reduced Approximate Adder. Electronics 2019, 8, 1212",,,10.3390/electronics9020317,
cosaim-counter-based-stochastic-behaving-approximate-integer-multiplier-for-deep,COSAIM: Counter-based Stochastic-behaving Approximate,,,10.1109/DAC18074.2021.9586097,
data-dependent-truncation-scheme-for-parallel-multipliers,Data-dependent truncation scheme for parallel multipliers,,,,
debam-decoder-based-approximate-multiplier-for-low-power-applications,DeBAM: Decoder Based Approximate Multiplier for Low Power Applications,,,10.1145/2893356,
decoder-reduction-approximation-scheme-for-booth-multipliers,Decoder Reduction Approximation Scheme for Booth Multipliers,,,,
demas-an-efficient-design-methodology-for-building-approximate-adders-for-fpga-b,DeMAS: An efficient design methodology for building approximate adders for FPGA-based systems,,,,
design-and-analysis-of-an-approximate-adder-with-hybrid-error-reduction,Design and Analysis of an Approximate Adder with Hybrid Error Reduction,,,10.3390/electronics9030471,
design-and-analysis-of-approximate-4-2-compressors-for-high-accuracy-multipliers,Design and Analysis of Approximate 4–2 Compressors for High-Accuracy Multipliers,,,10.1109/ets.2013.6569370,
design-and-analysis-of-approximate-compressors-for-balanced-error-accumulation-i,Design and Analysis of Approximate Compressors for Balanced Error Accumulation in MAC Operator,,,,
design-and-analysis-of-approximate-compressors-for-multiplication,Design and Analysis of Approximate Compressors for Multiplication,,,10.1109/tc.2012.146,
design-and-analysis-of-approximate-multiplier-of-majority-based-imprecise-4-2-co,Design and Analysis of Approximate Multiplier of Majority-Based Imprecise 4-2 Compressor for Image Processing,,,,
design-and-analysis-of-approximate-redundant-binary-multipliers,Design and Analysis of Approximate Redundant Binary Multipliers,,,10.1109/ets.2013.6569370,
design-and-analysis-of-area-and-power-efficient-approximate-booth-multipliers,Design and Analysis of Area and Power Efficient Approximate Booth Multipliers,,,,
design-and-analysis-of-energy-efficient-approximate-multipliers-for-image-proces,Design and Analysis of Energy Efficient Approximate Multipliers for Image Processing and Deep Neural Network,,,10.1109/tcsi.2024.3435473,
design-and-analysis-of-energy-efficient-dynamic-range-approximate-logarithmic-mu,Design and Analysis of Energy-Efficient Dynamic Range Approximate Logarithmic Multipliers for Machine Learning,,,10.1109/jproc.2020.2975695,
design-and-analysis-of-high-performance-heterogeneous-block-based-approximate-ad,Design and Analysis of High Performance Heterogeneous Block-based Approximate Adders,,,10.1109/TCSII.2019.2901060,
design-and-analysis-of-imprecise-4-2-compressor-with-error-recovery-module-for-a,Design and Analysis of Imprecise 4-2 Compressor with Error Recovery Module for Approximate Multipliers,,,10.1109/tc.2014.2308214,
design-and-analysis-of-inexact-floating-point-adders,Design and Analysis of Inexact Floating-Point Adders,,,10.1109/TC.2014.2317180,
design-and-analysis-of-majority-logic-based-approximate-adders-and-multipliers,Design and Analysis of Majority Logic-Based Approximate Adders and Multipliers,,,,
design-and-analysis-of-majority-logic-based-approximate-radix-4-booth-encoders,Design and Analysis of Majority Logic Based Approximate Radix-4 Booth Encoders,,,,
design-and-analysis-of-multiplier-using-approximate-15-4-compressor,Design and Analysis of Multiplier Using Approximate 15-4 Compressor,,,,
design-and-application-of-faithfully-rounded-and-truncated-multipliers-with-comb,"Design and Application of Faithfully Rounded and Truncated Multipliers With Combined Deletion, Reduction, Truncation, and Rounding",,,,
design-and-applications-of-approximate-circuits-by-gate-level-pruning,Design and Applications of Approximate Circuits by Gate-Level Pruning,,,,
design-and-evaluation-of-an-approximate-wallace-booth-multiplier,Design and evaluation of an approximate Wallace-Booth multiplier,,,,
design-and-evaluation-of-approximate-logarithmic-multipliers-for-low-power-error,Design and Evaluation of Approximate Logarithmic Multipliers for Low Power Error-Tolerant Applications,,,,
design-and-evaluation-of-inexact-computation-based-systolic-array-for-convolutio,Design and Evaluation of Inexact Computation based Systolic Array for Convolution,,,10.1109/L,
design-and-fpga-implementation-of-high-speed-reconfigurable-hybrid-approximate-a,Design and FPGA Implementation of High-Speed Reconfigurable Hybrid Approximate Adder for Image Processing Applications,,,10.1109/access.2025.3531943,
design-and-implementation-of-an-energy-efficient-approximate-multiplier-using-5,Design and Implementation of an Energy-Efficient Approximate Multiplier Using 5:3 and 15:4 Compressors with Parallel Prefix Adder for Image Applications,,,10.1109/ets.2013.6569370,
design-and-implementation-of-approximate-hybrid-floating-point-multipliers-for-s,Design and Implementation of Approximate Hybrid Floating-Point Multipliers for Signal-Processing Applications,,,10.1109/sips.1997.626129,
design-and-implementation-of-reconfigurable-approximate-adder-in-real-time-for-i,Design and Implementation of Reconfigurable Approximate Adder in Real Time for Image Watermarking,,,10.3390/s21248203,
design-and-performance-evaluation-of-approximate-floating-point-multipliers,Design and Performance Evaluation of Approximate Floating-Point Multipliers,,,,
design-automation-of-approximate-circuits-with-runtime-reconfigurable-accuracy,Design Automation of Approximate Circuits With Runtime Reconfigurable Accuracy,,,,
design-efficient-approximate-multiplication-circuits-through-partial-product-per,Design-Efficient Approximate Multiplication Circuits Through Partial Product Perforation,,,,
design-evaluation-and-application-of-approximate-high-radix-dividers,"Design, Evaluation and Application of Approximate High-Radix Dividers",,,,
design-exploration-of-energy-efficient-accuracy-configurable-dadda-multipliers-w,Design Exploration of Energy-Efficient Accuracy-Configurable Dadda Multipliers With Improved Lifetime Based on Voltage Overscaling,,,10.1109/TVLSI.2020.2978874,
design-methodology-to-explore-hybrid-approximate-adders-for-energy-efficient-ima,Design Methodology to Explore Hybrid Approximate Adders for Energy-Efficient Image and Video Processing Accelerators,,,,
design-of-a-hardware-efficient-approximate-4-2-compressor-for-multiplications-in,Design of a Hardware-Efficient Approximate 4-2 Compressor for Multiplications in Image Processing,,,,
design-of-a-low-cost-approximate-adder-with-a-zero-truncation,Design of a Low-Cost Approximate Adder with a Zero Truncation,,,,
design-of-an-approximate-fft-processor-based-on-approximate-complex-multipliers,Design of An Approximate FFT Processor Based on Approximate Complex Multipliers,,,,
design-of-an-energy-efficient-approximate-compressor-for-error-resilient-multipl,Design of an Energy-Efficient Approximate Compressor for Error-Resilient Multiplications,,,,
design-of-approximate-adders-and-multipliers-for-error-tolerant-image-processing,Design of approximate adders and multipliers for error tolerant image processing,,,,
design-of-approximate-booth-squarer-for-error-tolerant-computing,Design of Approximate Booth Squarer for Error-Tolerant Computing,,,10.1109/TVLSI.2020.2976131,
design-of-approximate-compressors-for-multiplication,Design of Approximate Compressors for Multiplication,,,http://dx.doi.org/10.1145/3007649,
design-of-approximate-dividers-for-error-tolerant-applications,Design of Approximate Dividers for Error Tolerant Applications,,,,
design-of-approximate-high-radix-dividers-by-inexact-binary-signed-digit-additio,Design of Approximate High-Radix Dividers by Inexact Binary Signed-Digit Addition,,,,
design-of-approximate-radix-4-booth-multipliers-for-error-tolerant-computing,Design of Approximate Radix-4 Booth Multipliers for Error-Tolerant Computing,,,10.7873/date.2015.1113,
design-of-approximate-unsigned-integer-non-restoring-divider-for-inexact-computi,Design of Approximate Unsigned Integer Non-restoring Divider for Inexact Computing,,,10.1109/islped.2011.5993675,
design-of-delta-sigma-modulator-using-approximate-adder-with-near-normal-error-d,Design of Delta Sigma Modulator Using Approximate Adder With Near-Normal Error Distribution For Fractional-N Frequency Synthesizer,,,10.1109/jssc.2014.2301764,
design-of-dynamic-range-approximate-logarithmic-multipliers,Design of Dynamic Range Approximate Logarithmic Multipliers,,,,
design-of-energy-efficient-rfet-based-exact-and-approximate-4-2-compressors-and,Design of Energy-Efficient RFET-Based Exact and Approximate 4:2 Compressors and Multipliers,,,,
design-of-high-hardware-efficiency-approximate-floating-point-fft-processor,Design of High Hardware Efficiency Approximate Floating-Point FFT Processor,,,,
design-of-low-power-area-efficient-and-high-speed-approximate-adders-for-inexact,"Design of low power, area efficient and high speed approximate adders for inexact computing",,,10.1109/tvlsi.2005.848806,
design-of-low-power-high-speed-truncation-error-tolerant-adder-and-its-applicati,Design of Low-Power High-Speed Truncation-Error-Tolerant Adder and Its Application in Digital Signal Processing,,,10.1109/isvlsi.2005.48,
design-of-majority-logic-based-approximate-arithmetic-circuits,Design of majority logic based approximate arithmetic circuits,,,,
design-of-majority-logic-based-approximate-booth-multipliers-for-error-tolerant,Design of Majority Logic-Based Approximate Booth Multipliers for Error-Tolerant Applications,,,10.1016/j.compeleceng.2020.106562,
design-of-majority-logic-ml-based-approximate-full-adders,Design of Majority Logic (ML) Based Approximate Full Adders,,,,
design-of-novel-cmos-based-inexact-subtractors-and-dividers-for-approximate-comp,Design of Novel CMOS Based Inexact Subtractors and Dividers for Approximate Computing: An In-Depth Comparison with PTL Based Designs,,,10.1155/2022/5328007,
design-of-power-and-area-efficient-approximate-multipliers,Design of Power and Area Efficient Approximate Multipliers,,,10.1109/tcad.2012.2217962,
design-of-power-and-area-efficient-lower-part-or-approximate-multiplier,Design of Power and Area Efficient Lower-Part-OR Approximate Multiplier,,,,
design-of-power-efficient-approximate-multipliers-for-approximate-artificial-neu,Design of power-efficient approximate multipliers for approximate artificial neural networks,,,,
design-of-quality-configurable-approximate-multipliers-suitable-for-dynamic-envi,Design of Quality-Configurable Approximate Multipliers Suitable for Dynamic Environment,,,10.1145/2893356,
design-of-radix-4-16-32-approx-booth-multiplier-using-error-tolerant-application,"Design of radix-4,16,32 approx booth multiplier using Error Tolerant Application",,,,
design-of-ultra-low-power-consumption-approximate-4-2-compressors-based-on-the-c,Design of Ultra-Low Power Consumption Approximate 4–2 Compressors Based on the Compensation Characteristic,,,,
design-of-unsigned-approximate-hybrid-dividers-based-on-restoring-array-and-loga,Design of Unsigned Approximate Hybrid Dividers Based on Restoring Array and Logarithmic Dividers,,,,
design-of-voltage-scalable-meta-functions-for-approximate-computing,Design of voltage-scalable meta-functions for approximate computing,,,,
design-verification-test-and-in-field-implications-of-approximate-computing-syst,"Design, Verification, Test and In-Field Implications of Approximate Computing Systems",,,,
designing-approximate-circuits-using-clock-overgating,Designing approximate circuits using clock overgating,,,,
doppelganger,Doppelgänger,,,http://dx.doi.org/10.1145/2830772.2830790,
drum-a-dynamic-range-unbiased-multiplier-for-approximate-applications,DRUM: A Dynamic Range Unbiased Multiplier for Approximate Applications,,,10.1109/ets.2013.6569370,
dual-quality-4-2-compressors-for-utilizing-in-dynamic-accuracy-configurable-mult,Dual-Quality 4:2 Compressors for Utilizing in Dynamic Accuracy Configurable Multipliers,,,10.1109/vlsid.2011.51,
dvas-dynamic-voltage-accuracy-scaling-for-increased-energy-efficiency-in-approxi,DVAS: Dynamic Voltage Accuracy Scaling for increased energy-efficiency in approximate computing,,,,
dynamically-reconfigurable-approximate-multiplier-for-precision-control,Dynamically Reconfigurable Approximate Multiplier for Precision Control,,,10.1007/s10836-020-05883-4,
efficient-accuracy-recovery-in-approximate-neural-networks-by-systematic-error-m,Efficient Accuracy Recovery in Approximate Neural Networks by Systematic Error Modelling,,,,
efficient-approximate-floating-point-multiplier-with-runtime-reconfigurable-freq,Efficient Approximate Floating-Point Multiplier,,,,
efficient-approximate-multiplier-design-based-on-hybrid-higher-radix-booth-encod,Efficient Approximate Multiplier Design Based on,,,,
efficient-approximate-recursive-multipliers-earm-for-area-and-power-optimized-im,"Received 14 May 2026, accepted 25 May 2026, date of publication 1 June 2026, date of current version 4 June 2026.",,,10.1145/2463209.2488873,
efficient-arbitrarily-high-precision-hardware-logarithmic-arithmetic-for-linear,"Efficient, arbitrarily high precision hardware logarithmic arithmetic for linear algebra",,,10.1145/1736020.1736044,
efficient-design-of-majority-logic-based-approximate-arithmetic-circuits,Efficient Design of Majority-Logic-Based Approximate Arithmetic Circuits,,,,
efficient-fpga-implementation-of-the-cordic-algorithm-using-approximate-adders,Efficient FPGA Implementation of the CORDIC Algorithm Using Approximate Adders,,,10.1109/tcad.2012.2217962,
efficient-fpga-realization-of-the-memristive-wilson-neuron-model-in-the-face-of,Efficient FPGA Realization of the Memristive Wilson Neuron Model in the Face of Electromagnetic Interference,,,10.1109/TBCAS.2015.2450837,
efficient-hardware-implementation-of-artificial-neural-networks-using-approximat,Efficient Hardware Implementation of Artificial Neural Networks Using Approximate Multiply-Accumulate Blocks,,,,
efficient-implementation-of-rotation-operations-for-high-performance-qrd-rls-fil,Efficient Implementation of Rotation Operations for High Performance QRD-RLS Filtering,,,10.1109/25.289414,
efficient-mitchells-approximate-log-multipliers-for-convolutional-neural-network,Efficient Mitchell’s Approximate Log Multipliers for Convolutional Neural Networks,,,,
efficient-utilization-of-imprecise-computational-blocks-for-hardware-implementat,Efficient utilization of imprecise computational blocks for hardware implementation of imprecision tolerant applications,,,,
embracing-approximate-computing-for-energy-efficient-motion-estimation-in-high-e,Embracing approximate computing for energy-efficient motion estimation in high efficiency video coding,,,,
energy-and-area-efficient-imprecise-compressors-for-approximate-multiplication-a,Energy and area efficient imprecise compressors for approximate multiplication at nanoscale,,,,
energy-and-error-analysis-framework-for-approximate-computing-in-mobile-applicat,Energy and Error Analysis Framework for Approximate Computing in Mobile Applications,,,,
energy-and-quality-efficient-approximate-multipliers-for-neural-network-and-imag,Energy- and Quality-Efficient Approximate Multipliers for Neural Network and Image Processing Applications,,,10.7717/peerj-cs.1119/table-1,
energy-aware-computation-driven-approximate-dct-architecture-for-image-processin,Energy Aware Computation Driven Approximate DCT Architecture for Image Processing,,,,
energy-aware-probabilistic-multiplier,Energy-aware probabilistic multiplier,,,,
energy-efficient-approximate-2d-gaussian-smoothing-filter-for-error-tolerant-app,Energy-efficient approximate 2D Gaussian smoothing filter for error tolerant applications,,,,
energy-efficient-approximate-adders-for-dsp-applications,Energy-efficient approximate adders for DSP applications,,,,
energy-efficient-approximate-arithmetic-for-error-resilient-neuromorphic-computi,Energy Efficient Approximate Arithmetic for Error Resilient Neuromorphic Computing,,,,
energy-efficient-approximate-floating-point-multiplier-based-on-radix-8-booth-en,Energy-Efficient Approximate Floating-Point Multiplier Based on Radix-8 Booth Encoding,,,,
energy-efficient-approximate-multiplication-for-digital-signal-processing-and-cl,Energy-Efficient Approximate Multiplication for Digital Signal Processing and Classification Applications,,,,
energy-efficient-approximate-multiplier-design-using-bit-significance-driven-log,Energy-efficient approximate multiplier design using bit significance-driven logic compression,,,,
energy-efficient-approximate-multiplier-design-with-dynamic-accuracy-control,Energy-Efficient Approximate Multiplier Design with Dynamic Accuracy Control,,,,
energy-efficient-approximate-multiplier-design-with-lesser-error-rate-using-the,Energy-Efficient Approximate Multiplier Design With Lesser Error Rate Using the Probability-Based Approximate 4:2 Compressor,,,10.1109/tvlsi.2021.3104145,
energy-efficient-compact-approximate-multiplier-for-error-resilient-applications,Energy Efficient Compact Approximate Multiplier for Error-Resilient Applications,,,,
energy-efficient-digital-design-through-inexact-and-approximate-arithmetic-circu,Energy-efficient digital design through inexact and approximate arithmetic circuits,,,10.1109/date.2011.5763130,
energy-efficient-inexact-speculative-adder-with-high-performance-and-accuracy-co,Energy-efficient inexact speculative adder with high performance and accuracy control,,,,
energy-efficient-izhikevich-neuron-design-using-approximate-cordic-based-multipl,Energy-Efficient Izhikevich Neuron Design Using Approximate CORDIC-Based Multipliers for Low-Power Neuromorphic Hardware,,,10.1016/s0893-6080(97,
energy-efficient-logarithmic-square-rooter-for-error-resilient-applications,Energy-Efficient Logarithmic Square Rooter for Error-Resilient Applications,,,,
energy-efficient-neural-computing-with-approximate-multipliers,Energy-Efficient Neural Computing with Approximate Multipliers,,,,
energy-efficient-neural-networks-using-approximate-computation-reuse,Energy-efficient neural networks using approximate computation reuse,,,,
energy-efficient-soft-error-tolerant-digital-signal-processing,Energy-efficient soft error-tolerant digital signal processing,,,,
energy-efficient-spiking-neural-networks-using-approximate-neuron-circuits-and-3,Energy-Efficient Spiking Neural Networks Using,,,,
energy-quality-scalable-adaptive-vlsi-circuits-and-systems-beyond-approximate-co,Energy-quality scalable adaptive VLSI circuits and systems beyond approximate computing,,,,
energy-quality-scalable-design-space-exploration-of-approximate-fft-hardware-arc,Energy-Quality Scalable Design Space Exploration of Approximate FFT Hardware Architectures,,,,
enerj,EnerJ,,,,
enerj-2,EnerJ,,,,
enhance-the-segmentation-principle-in-approximate-computing,Enhance the Segmentation Principle in Approximate Computing,,,,
enhanced-low-power-high-speed-adder-for-error-tolerant-application,Enhanced low-power high-speed adder for error-tolerant application,,,,
error-diluted-approximate-multipliers-using-positive-and-negative-compressors,Error Diluted Approximate Multipliers Using,,,10.1109/ISQED57927.2023.10129376,
error-mitigation-using-approximate-logic-circuits-a-comparison-of-probabilistic,Error Mitigation Using Approximate Logic Circuits: A Comparison of Probabilistic and Evolutionary Approaches,,,,
error-resilience-analysis-for-systematically-employing-approximate-computing-in,Error resilience analysis for systematically employing approximate computing in convolutional neural networks,,,,
error-resilient-hardware-design-with-approximate-computing-a-review-of-circuit-l,Error-Resilient Hardware Design with Approximate Computing: A Review of Circuit-Level and System-Level Optimization Strategies,,,10.54254/2755-2721/2025.GL30068,
error-resilient-motion-estimation-architecture,Error-Resilient Motion Estimation Architecture,,,,
ersa-error-resilient-system-architecture-for-probabilistic-applications,ERSA: Error Resilient System Architecture for Probabilistic Applications,,,,
evoapprox8b-library-of-approximate-adders-and-multipliers-for-circuit-design-and,EvoApprox8b:  Library of Approximate Adders and Multipliers for Circuit Design and Benchmarking of Approximation Methods,,,,
evolutionary-approach-to-approximate-digital-circuits-design,Evolutionary Approach to Approximate Digital Circuits Design,,,,
evolutionary-design-of-approximate-multipliers-under-different-error-metrics,Evolutionary design of approximate multipliers under different error metrics,,,,
exact-and-approximate-squarers-for-error-tolerant-applications,Exact and Approximate Squarers for Error-,,,,
exploiting-approximate-communication-for-mobile-media-applications,"Exploiting ""approximate communication"" for mobile media applications",,,,
exploiting-approximate-computing-for-deep-learning-acceleration,Exploiting approximate computing for deep learning acceleration,,,,
exploiting-computation-skip-to-reduce-energy-consumption-by-approximate-computin,"Exploiting computation skip to reduce energy consumption by approximate computing, an HEVC encoder case study",,,,
exploring-approximate-computing-and-near-threshold-operation-to-design-energy-ef,Exploring Approximate Computing and Near- Threshold Operation to Design Energy -efficient Multipliers,,,10.1109/SBCCI53441.2021.9529347,
exploring-the-fidelity-efficiency-design-space-using-imprecise-arithmetic,Exploring the fidelity-efficiency design space using imprecise arithmetic,,,,
exposing-approximate-computing-optimizations-at-different-levels-from-behavioral,Exposing Approximate Computing Optimizations at Different Levels: From Behavioral to Gate-Level,,,,
fast-and-compact-serial-imply-based-approximate-full-adders-applied-in-image-pro,Fast and Compact Serial IMPLY-Based,,,,
fast-and-high-accuracy-approximate-mac-unit-design-for-cnn-computing,Fast and High-Accuracy Approximate MAC Unit Design for CNN Computing,,,10.1109/micro.2014.58,
fast-compensative-design-approach-for-the-approximate-squaring-function,Fast compensative design approach for the approximate squaring function,,,,
fau-fast-and-error-optimized-approximate-adder-units-on-lut-based-fpgas,FAU: Fast and error-optimized approximate adder units on LUT-Based FPGAs,,,,
formal-probabilistic-analysis-of-low-latency-approximate-adders,Formal Probabilistic Analysis of Low Latency Approximate Adders,,,,
fpad-a-multistage-approximation-methodology-for-designing-floating-point-approxi,FPAD: A Multistage Approximation Methodology for Designing Floating Point Approximate Dividers,,,,
fpga-based-multi-level-approximate-multipliers-for-high-performance-error-resili,FPGA-Based Multi-Level Approximate Multipliers for High-Performance Error-Resilient Applications,,,10.1109/ACCESS.2020.2970968,
fpga-implementation-of-approximate-cordic-circuits-for-energy-efficient-applicat,FPGA Implementation of Approximate CORDIC Circuits for Energy Efficient Applications,,,10.1109/ngcas.2017.54,
glitch-aware-optimization-of-4-2-compressor-based-approximate-multipliers,Glitch-Aware Optimization of 4-2 Compressor-Based Approximate Multipliers,,,10.1109/tcsii.2023.3257852,
hardware-approximate-techniques-for-deep-neural-network-accelerators-a-survey,Hardware Approximate Techniques for Deep Neural Network Accelerators: A Survey,,,,
hardware-efficient-approximate-adder-design,Hardware Efficient Approximate Adder Design,,,,
hardware-efficient-multipliers-with-fpga-based-approximation-for-error-resilient,Hardware-Efficient Multipliers With FPGA-Based Approximation for Error-Resilient Applications,,,,
hardware-efficient-velocity-estimation-of-dynamic-obstacles-based-on-a-novel-rad,Hardware-Efficient Velocity Estimation of Dynamic Obstacles Based on a Novel Radix-4 CORDIC and FPGA Implementation,,,10.1109/iecon.2013.6699112,
hardware-implementation-of-systolic-array-architecture-using-4-2-compressor-appr,Hardware Implementation of Systolic Array Architecture using 4:2 Compressor Approximate Multiplier for Image Processing Operations,,,10.1109/TVLSI.2016.2643003,
hardware-optimized-and-error-reduced-approximate-adder,Hardware Optimized and Error Reduced Approximate Adder,,,10.3390/electronics8111212,
hardware-optimized-approximate-adder-with-normal-error-distribution,Hardware Optimized Approximate Adder with Normal Error Distribution,,,,
hardware-testing-for-error-tolerant-multimedia-compression-based-on-linear-trans,Hardware testing for error tolerant multimedia compression based on linear transforms,,,,
have-we-been-hebbing-down-the-wrong-path,Have We Been Hebbing Down the Wrong Path?,,,,
healm-hardware-efficient-approximate-logarithmic-multiplier-with-reduced-error,HEALM: Hardware-Efficient Approximate Logarithmic Multiplier with Reduced Error,,,10.1109/ASP-DAC52403.2022.9712543,
heterogeneous-and-inexact-maximizing-power-efficiency-of-edge-computing-sensors,Heterogeneous and Inexact: Maximizing Power Efficiency of Edge Computing Sensors for Health Monitoring Applications,,,10.7873/date2014.181,
high-accuracy-approximate-multiplier-with-error-correction,High Accuracy Approximate Multiplier with Error Correction,,,10.1109/ets.2013.6569370,
high-bandwidth-low-latency-approximate-interconnection-networks,High-Bandwidth Low-Latency Approximate Interconnection Networks,,,,
high-efficiency-fpga-based-approximate-multipliers-with-lut-sharing-and-carry-sw,High-Efficiency FPGA-Based Approximate Multipliers with LUT Sharing and Carry Switching,,,,
high-performance-accurate-and-approximate-multipliers-for-fpga-based-hardware-ac,High-Performance Accurate and Approximate Multipliers for FPGA-Based Hardware Accelerators,,,10.1109/TC.2020.2988404,
high-performance-and-energy-efficient-approximate-multiplier-for-error-tolerant,High-performance and energy-efficient approximate multiplier for error-tolerant applications,,,,
high-performance-error-tolerant-adders-for-image-processing-applications,High Performance Error Tolerant Adders for Image Processing Applications,,,,
high-speed-area-efficient-and-power-aware-multiplier-design-using-approximate-co,High-speed area-efficient and power-aware multiplier design using approximate compressors along with bottom-up tree topology,,,,
highly-energy-efficient-and-quality-tunable-inexact-fft-accelerators,Highly energy-efficient and quality-tunable inexact FFT accelerators,,,,
hoaa-hybrid-overestimating-approximate-adder-for-enhanced-performance-processing,HOAA: Hybrid Overestimating Approximate Adder for Enhanced Performance Processing Engine,,,,
hybrid-approximate-multiplier-architectures-for-improved-power-accuracy-trade-of,Hybrid approximate multiplier architectures for improved power-accuracy trade-offs,,,,
hybrid-low-radix-encoding-based-approximate-booth-multipliers,Hybrid Low Radix Encoding-Based Approximate Booth Multipliers,,,10.1109/tvlsi.2018.2884848,
hybrid-partial-product-based-high-performance-approximate-recursive-multipliers,Hybrid Partial Product-Based High-Performance Approximate Recursive Multipliers,,,10.1109/jproc.2020.2975695,
hybrid-radix4-8-truncated-multiplier-for-mobile-gpu-applications,Hybrid radix‐4/‐8 truncated multiplier for mobile GPU applications,,,,
i-cecapprox-i-enabling-automated-combinational-equivalence-checking-for-approxim,cecApprox: Enabling Automated Combinational,,,10.1109/JPROC.2020.2999613,
image-processing-using-approximate-datapath-units,Image processing using approximate datapath units,,,,
image-sharpening-with-optimized-psnr,Image Sharpening with Optimized PSNR,,,,
impact-imprecise-adders-for-low-power-approximate-computing,IMPACT: IMPrecise Adders for Low-Power Approximate Computing,,,10.1145/313817.313834,
implementation-of-approximate-multiplier-using-inexact-compressors,Implementation of Approximate Multiplier using Inexact Compressors,,,10.1109/mdat.2015.2505723,
implementation-of-low-power-approximate-multipliers-using-exact-and-inexact-adde,Implementation of Low Power Approximate Multipliers using Exact and Inexact Adders in Error Tolerant Applications,,,10.1109/iciteics61368.2024.10625416,
imprecise-42-compressor-design-used-in-image-processing-applications,Imprecise 4‐2 compressor design used in image processing applications,,,,
imprecise-arithmetic-for-low-power-image-processing,Imprecise arithmetic for low power image processing,,,,
improved-8-point-approximate-dct-for-image-and-video-compression-requiring-only,Improved 8-Point Approximate DCT for Image and Video Compression Requiring Only 14 Additions,,,,
improved-approximate-multipliers-for-single-precision-floating-point-hardware-de,Improved Approximate Multipliers for Single-Precision Floating-Point Hardware Design,,,10.1109/LA,
improving-energy-gains-of-i-inexact-i-dsp-hardware-through-i-reciprocative-error,Improving energy gains of             <i>inexact</i>             DSP hardware through             <i>reciprocative error compensation</i>,,,,
improving-the-accuracy-and-hardware-efficiency-of-neural-networks-using-approxim,Improving the Accuracy and Hardware Efficiency of Neural Networks Using Approximate Multipliers,,,10.1109/ets.2013.6569370,
increasing-the-accuracy-of-approximate-adders-with-very-low-extra-complexity,Increasing the Accuracy of Approximate Adders with Very Low Extra Complexity,,,,
increasing-throughput-of-a-risc-architecture-using-arithmetic-data-value-specula,Increasing throughput of a RISC architecture using arithmetic data value speculation,,,,
inexact-arithmetic-circuits-for-energy-efficient-iot-sensors-data-processing,Inexact Arithmetic Circuits for Energy Efficient IoT Sensors Data Processing,,,10.1109/iscas.2017.8050264,
inexact-computing-for-ultra-low-power-nanometer-digital-circuit-design,Inexact Computing for Ultra Low-Power Nanometer Digital Circuit Design,,,10.1109/isscc.2008.4523226/mm1,
inexact-computing-with-approximate-adder-application,Inexact computing with approximate adder application,,,10.1109/jssc.1974.1050511,
inexact-designs-for-approximate-low-power-addition-by-cell-replacement,Inexact Designs for Approximate Low Power Addition by Cell Replacement,,,,
inexactaware-architecture-design-for-ultralow-power-biosignal-analysis,Inexact‐aware architecture design for ultra‐low power bio‐signal analysis,,,10.1049/iet-cdt.20,
input-based-dynamic-reconfiguration-of-approximate-arithmetic-units-for-video-en,Input-Based Dynamic Reconfiguration of Approximate Arithmetic Units for Video Encoding,,,,
invited-cross-layer-approximate-computing-from-logic-to-architectures,Invited - Cross-layer approximate computing: from logic to architectures,,,,
joint-precision-optimization-and-high-level-synthesis-for-approximate-computing,Joint precision optimization and high level synthesis for approximate computing,,,,
knn-cam-a-k-nearest-neighbors-based-configurable-approximate-floating-point-mult,kNN-CAM: A k-Nearest Neighbors-based Configurable Approximate Floating Point Multiplier,,,,
lac-learned-approximate-computing,LAC: Learned Approximate Computing,,,,
lahaf-low-power-area-efficient-and-high-performance-approximate-full-adder-based,"LAHAF: Low-power, area-efficient, and high-performance approximate full adder based on static CMOS",,,,
lead-logarithmic-exponent-approximate-divider-for-image-quantization-application,LEAD: Logarithmic Exponent Approximate Divider For Image,,,,
learning-the-error-features-of-approximate-multipliers-for-neural-network-applic,Learning the Error Features of Approximate Multipliers for Neural Network Applications,,,,
letam-a-low-energy-truncation-based-approximate-multiplier,LETAM: A low energy truncation-based approximate multiplier,,,,
leveraging-highly-approximated-multipliers-in-dnn-inference,Leveraging Highly Approximated Multipliers in DNN Inference,,,10.1109/access.2025.3550520,
lexact-low-energy-n-modular-redundancy-using-approximate-computing-for-real-time,LEXACT: Low Energy N-Modular Redundancy Using Approximate Computing for Real-Time Multicore Processors,,,,
libraries-of-approximate-circuits-automated-design-and-application-in-cnn-accele,Libraries of Approximate Circuits: Automated Design and Application in CNN Accelerators,,,,
loba-a-leading-one-bit-based-imprecise-multiplier-for-efficient-image-processing,LoBA: A Leading One Bit Based Imprecise Multiplier for Efficient Image Processing,,,,
logarithm-approximate-floating-point-multiplier-is-applicable-to-power-efficient,Logarithm-approximate floating-point multiplier is applicable to power-efficient neural network training,,,,
low-cost-approximate-multiplier-design-using-probability-driven-inexact-compress,Low-Cost Approximate Multiplier Design using Probability-Driven Inexact Compressors,,,,
low-error-efficient-approximate-adders-for-fpgas,Low Error Efficient Approximate Adders for FPGAs,,,,
low-error-rate-approximate-multiplier-design-for-dnns-with-hardware-driven-co-op,Low Error-Rate Approximate Multiplier Design for DNNs with Hardware-Driven Co-Optimization,,,10.1109/ISCAS48,
low-power-and-high-speed-approximate-multiplier-design-with-a-tree-compressor,Low-Power and High-Speed Approximate Multiplier Design with a Tree Compressor,,,10.1145/2540708.2540710,
low-power-and-low-latency-hardware-implementation-of-approximate-hyperbolic-and,Low-Power and Low-Latency Hardware Implementation of Approximate Hyperbolic and Exponential Functions for Embedded System Applications,,,10.1186/s40537-021-00444-8,
low-power-approximate-mac-unit,Low-power approximate MAC unit,,,,
low-power-approximate-multiplier-with-error-recovery-using-a-new-approximate-4-2,Low-Power Approximate Multiplier with Error Recovery using a New Approximate 4-2 Compressor,,,,
low-power-approximate-multipliers-using-encoded-partial-products-and-approximate,Low-Power Approximate Multipliers Using Encoded Partial Products and Approximate Compressors,,,10.1109/tr.2016.2604918,
low-power-approximate-rpr-scheme-for-unsigned-integer-arithmetic-computation,Received 27 October 2021; revised 20 December 2021; accepted 11 February 2022. Date of publication 23 February 2022; date of current version 15 March 2022. The review of this article was arranged by Associate Editor Yunlong Zi.,,,10.1109/TNANO.2005.851251,
low-power-approximate-unsigned-multipliers-with-configurable-error-recovery,Low-Power Approximate Unsigned Multipliers With Configurable Error Recovery,,,10.1109/ets.2013.6569370,
low-power-compressor-based-approximate-multipliers-with-error-correcting-module,Low-Power Compressor-Based Approximate Multipliers With Error Correcting Module,,,10.1145/1165573.1165661,
low-power-digital-filtering-using-approximate-processing,Low-power digital filtering using approximate processing,,,,
low-power-digital-signal-processing-using-approximate-adders,Low-Power Digital Signal Processing Using Approximate Adders,,,10.1109/mc.2008.224,
low-power-encoder-and-compressor-design-for-approximate-radix-8-booth-multiplier,Low-Power Encoder and Compressor Design for,,,10.1109/ISCAS58,
low-power-hardware-implementation-of-least-mean-square-adaptive-filters-using-ap,Low-Power Hardware Implementation of Least-Mean-Square Adaptive Filters Using Approximate Arithmetic,,,,
low-power-high-accuracy-approximate-multiplier-for-error-resilient-image-process,"Low Power, High Accuracy Approximate Multiplier for Error-Resilient Image Processing Application",,,10.1109/LES.2020.3045165,
low-power-high-accuracy-approximate-multiplier-using-approximate-high-order-comp,Low-Power High-Accuracy Approximate Multiplier Using Approximate High-Order Compressors,,,,
low-power-high-speed-multiplier-for-error-tolerant-application,Low-power high-speed multiplier for error-tolerant application,,,,
low-power-hyperbolic-cordic-design-of-the-fitzhugh-nagumo-neuron-for-neuromorphi,Low-Power Hyperbolic CORDIC Design of the Fitzhugh-Nagumo Neuron for Neuromorphic Systems,,,10.3389/fnins.2014.00428,
low-power-implementation-of-mitchell-s-approximate-logarithmic-multiplication-fo,Low-power implementation of Mitchell's approximate logarithmic multiplication for convolutional neural networks,,,,
low-power-low-area-implementation-of-cordic-architecture-using-carry-select-adde,Low Power Low Area Implementation of CORDIC Architecture Using Carry Select Adder for Realtime DSP Applications,,,,
low-power-unsigned-divider-and-square-root-circuit-designs-using-adaptive-approx,Low-Power Unsigned Divider and Square Root Circuit Designs Using Adaptive Approximation,,,,
low-power-vlsi-implementation-of-approximate-cordic-circuit-based-on-inexact-com,Low-Power VLSI Implementation of Approximate CORDIC Circuit Based on Inexact Computing,,,10.1109/conecct50063.2020.9198608,
lut-alms-trading-off-accuracy-and-power-for-approximate-logarithmic-multipliers,LUT-ALMs: Trading Off Accuracy and Power for Approximate Logarithmic Multipliers via LUT Optimization,,,10.23919/date58400.2024.10546701,
m-axppa-an-accurate-and-energy-efficient-modified-approximate-parallel-prefix-ad,M-AxPPA: An Accurate and Energy-Efficient,,,1,
macaco-modeling-and-analysis-of-circuits-for-approximate-computing,MACACO: Modeling and analysis of circuits for approximate computing,,,,
machine-learning-based-self-tunable-design-of-approximate-computing,Machine-Learning-Based Self-Tunable Design of Approximate Computing,,,,
macish-designing-approximate-mac-accelerators-with-internal-self-healing,MACISH: Designing Approximate MAC Accelerators With Internal-Self-Healing,,,10.1109/TETC.2016.2593644,
majority-based-spin-cmos-primitives-for-approximate-computing,Majority-Based Spin-CMOS Primitives for Approximate Computing,,,,
marlin-a-co-design-methodology-for-approximate-reconfigurable-inference-of-neura,MARLIN: A Co-Design Methodology for,,,,
masc-ultra-low-energy-multiple-access-single-charge-tcam-for-approximate-computi,MASC: Ultra-Low Energy Multiple-Access Single-,,,,
maximizing-yield-for-approximate-integrated-circuits,Maximizing Yield for Approximate Integrated Circuits,,,,
minac-minimal-area-approximate-compressor-design-based-on-exact-synthesis-for-ap,MinAC: Minimal-Area Approximate Compressor Design Based on Exact Synthesis for Approximate Multipliers,,,10.1109/ISCAS48,
minimally-biased-multipliers-for-approximate-integer-and-floating-point-multipli,Minimally Biased Multipliers for Approximate Integer and Floating-Point Multiplication,,,,
minimizing-power-for-neural-network-training-with-logarithm-approximate-floating,Minimizing Power for Neural Network Training with Logarithm-Approximate Floating-Point Multiplier,,,,
modeling-and-synthesis-of-quality-energy-optimal-approximate-adders,Modeling and synthesis of quality-energy optimal approximate adders,,,,
multi-level-approximate-accelerator-synthesis-under-voltage-island-constraints,Multi-Level Approximate Accelerator Synthesis Under Voltage Island Constraints,,,,
multipliers-with-approximate-4-2-compressors-and-error-recovery-modules,Multipliers With Approximate 4-2 Compressors and Error Recovery Modules,,,10.1145/2893356,
music-lite-efficient-music-using-approximate-computing-an-ofdm-radar-case-study,MUSIC-Lite: Efficient MUSIC Using Approximate Computing: An OFDM Radar Case Study,,,,
near-sub-threshold-circuits-and-approximate-computing-the-perfect-combination-fo,Near/Sub-Threshold Circuits and Approximate Computing: The Perfect Combination for Ultra-Low-Power Systems,,,,
neural-acceleration-for-general-purpose-approximate-programs,Neural Acceleration for General-Purpose Approximate Programs,,,,
new-approximate-multiplier-for-low-power-digital-signal-processing,New approximate multiplier for low power digital signal processing,,,,
new-metrics-for-the-reliability-of-approximate-and-probabilistic-adders,New Metrics for the Reliability of Approximate and Probabilistic Adders,,,,
new-non-uniform-segmentation-technique-for-software-function-evaluation,New non-uniform segmentation technique for software function evaluation,,,10.1007/978-3-642-15582-6_5,
non-volatile-approximate-arithmetic-circuits-using-scalable-hybrid-spin-cmos-maj,Non-Volatile Approximate Arithmetic Circuits Using Scalable Hybrid Spin-CMOS Majority Gates,,,10.1109/TETC.2019.2929100,
nonvolatile-low-cost-approximate-spintronic-full-adders-for-computing-in-memory,Nonvolatile Low-Cost Approximate Spintronic Full Adders for Computing in Memory Architectures,,,10.1109/COMST.2016.2610963,
novel-approximate-multiplier-designs-for-edge-detection-application,Novel Approximate Multiplier Designs for Edge Detection Application,,,,
on-effective-and-efficient-quality-management-for-approximate-computing,On Effective and Efficient Quality Management for Approximate Computing,,,http://dx.doi.org/10.1145/2934583.2934608,
on-error-modeling-and-analysis-of-approximate-adders,On error modeling and analysis of approximate adders,,,,
on-quality-trade-off-control-for-approximate-computing-using-iterative-training,On Quality Trade-off Control for Approximate Computing Using Iterative Training,,,,
on-reconfiguration-oriented-approximate-adder-design-and-its-application,On reconfiguration-oriented approximate adder design and its application,,,,
on-the-design-of-approximate-restoring-dividers-for-error-tolerant-applications,On the Design of Approximate Restoring Dividers for Error-Tolerant Applications,,,10.1109/islped.2011.5993675,
on-the-design-of-iterative-approximate-floating-point-multipliers,On the Design of Iterative Approximate Floating-Point Multipliers,,,10.1109/jproc.2020.3006451,
on-the-use-of-approximate-adders-in-carry-save-multiplier-accumulators,On the use of approximate adders in carry-save multiplier-accumulators,,,,
on-the-use-of-approximate-multipliers-in-lms-adaptive-filters,On the Use of Approximate Multipliers in LMS Adaptive Filters,,,,
opact-optimization-of-approximate-compressor-tree-for-approximate-multiplier,OPACT: Optimization of Approximate Compressor Tree for Approximate Multiplier,,,,
open-source-hyperdimensional-risc-v-vector-processor-with-radix-8-cordic-based-n,Open-Source Hyperdimensional RISC-V Vector Processor with Radix-8 CORDIC-Based Nonlinear Encoding for Memory-Efficient Edge-AI,,,10.1007/s12559-009-9009-8,
optimal-design-of-jpeg-hardware-under-the-approximate-computing-paradigm,Optimal design of JPEG hardware under the approximate computing paradigm,,,,
paalm,PAALM: Power Density Aware Approximate Logarithmic,,,,
pace-a-piece-wise-approximate-and-configurable-floating-point-divider-for-energy,PACE: A Piece-Wise Approximate and Configurable Floating-Point Divider for Energy-Efficient Computing,,,10.1109/jproc.2020.2975695,
pemacx-a-probabilistic-error-analysis-methodology-for-adders-with-cascaded-appro,PEMACx: A Probabilistic Error Analysis Methodology for Adders with Cascaded Approximate Units,,,,
performance-comparison-of-carry-lookahead-and-carry-select-adders-based-on-accur,Performance Comparison of Carry-Lookahead and Carry-Select Adders Based on Accurate and Approximate Additions,,,10.3390/electronics7120369,
performance-improvement-of-processor-through-configurable-approximate-arithmetic,Performance Improvement of Processor Through Configurable Approximate Arithmetic Units in Multicore Systems,,,10.1109/mdat.2015.2505723,
positive-negative-approximate-multipliers-for-dnn-accelerators,Positive/Negative Approximate Multipliers for DNN Accelerators,,,,
power-and-area-efficient-approximate-wallace-tree-multiplier-for-error-resilient,Power- and Area-Efficient Approximate Wallace Tree Multiplier for Error-Resilient Systems,,,10.1109/acssc.1999.831996,
power-efficient-and-small-area-approximate-multiplier-design-with-fpga-based-com,Power-Efficient and Small-Area Approximate Multiplier Design with FPGA-Based Compressors,,,10.1109/tc.2018.2890222,
power-efficient-approximate-booth-multiplier,Power Efficient Approximate Booth Multiplier,,,,
power-efficient-multiplier-design-for-error-resilient-edge-applications,Power Efficient Multiplier Design for Error Resilient Edge Applications,,,10.1016/j.aej.2021.04.099,
ppaxa-design-of-a-high-density-low-power-parallel-prefix-approximate-adder,"PPAxA: Design of a High-Density, Low-Power Parallel Prefix Approximate Adder",,,10.20944/preprints202206.0179.v1,
precision-adaptive-mfcc-based-on-r2sdf-fft-and-approximate-computing-for-low-pow,This paper presents system-architecture-circuits co-designs for computing the MFCC feature extraction for speech keywords rec-,,,10.1109/,
precomputationbased-radix4-cordic-for-approximate-rotations-and-hough-transform,Precomputation‐based radix‐4 CORDIC for approximate rotations and Hough transform,,,,
proact,ProACt,,,,
probabilistic-error-analysis-of-approximate-adders-and-multipliers,Probabilistic Error Analysis of Approximate Adders and Multipliers,,,,
probabilistic-error-modeling-for-approximate-adders,Probabilistic Error Modeling for Approximate Adders,,,,
profile-based-output-error-compensation-for-approximate-arithmetic-circuits,Profile-Based Output Error Compensation for Approximate Arithmetic Circuits,,,10.1109/TCAD.2019.2940680,
px-cgra-polymorphic-approximate-coarse-grained-reconfigurable-architecture,PX-CGRA: Polymorphic approximate coarse-grained reconfigurable architecture,,,10.1109/TCSII.2016.2633307,
quad,QuAd,,,,
quality-aware-data-allocation-in-approximate-dram,Quality-aware data allocation in approximate DRAM,,,,
quality-programmable-vector-processors-for-approximate-computing,Quality programmable vector processors for approximate computing,,,,
quality-reconfigurable-approximate-multiplier-utilizing-select-leading-one-bit-b,Quality-Reconfigurable Approximate Multiplier Utilizing Select Leading One-Bit Blocks,,,10.23883/ijrter.conf.20171225.051.uwfz3,
quality-tunable-approximate-adder-for-low-energy-image-processing-applications,Quality Tunable Approximate Adder for Low Energy Image Processing Applications,,,,
quantmac-enhancing-hardware-performance-in-dnns-with-quantize-enabled-multiply-a,QuantMAC: Enhancing Hardware Performance in DNNs With Quantize Enabled Multiply-Accumulate Unit,,,10.59350/dkcry-k9a08,
rap-cla-a-reconfigurable-approximate-carry-look-ahead-adder,RAP-CLA: A Reconfigurable Approximate Carry Look-Ahead Adder,,,,
rapid-approximate-pipelined-soft-multipliers-and-dividers-for-high-throughput-an,RAPID: Approximate Pipelined Soft Multipliers and Dividers for High Throughput and,,,10.1117/12.2006174,
real-time-meets-approximate-computing,Real-Time Meets Approximate Computing,,,,
realm-reduced-error-approximate-log-based-integer-multiplier,REALM: Reduced-Error Approximate Log-based Integer Multiplier,,,,
rearm-a-reconfigurable-approximate-rounding-based-multiplier-for-image-processin,ReARM: A Reconfigurable Approximate Rounding-Based Multiplier for Image Processing,,,,
reconfigurable-approximate-mac-unit-for-edge-ai-using-adaptive-booth-multiplicat,Reconfigurable Approximate MAC Unit for Edge-AI Using Adaptive Booth Multiplication and LUT Compression on FPGA,,,10.1109/jetcas.2019.2950386,
reducing-serial-i-o-power-in-error-tolerant-applications-by-efficient-lossy-enco,Reducing serial I/O power in error-tolerant applications by efficient lossy encoding,,,,
resilience-aware-frequency-tuning-for-neural-network-based-approximate-computing,Resilience-Aware Frequency Tuning for Neural-Network-Based Approximate Computing Chips,,,,
risc-v-core-with-approximate-multiplier-for-error-tolerant-applications,RISC-V Core with Approximate Multiplier for Error-Tolerant Applications,,,10.21236/ada605735,
rmac,RMAC,,,,
roba-multiplier-a-rounding-based-approximate-multiplier-for-high-speed-yet-energ,RoBA Multiplier: A Rounding-Based Approximate Multiplier for High-Speed yet Energy-Efficient Digital Signal Processing,,,,
rram-based-analog-approximate-computing,RRAM-Based Analog Approximate Computing,,,,
rumba,Rumba,,,http://dx.doi.org/10.1145/2749469.2750371,
rumba-2,Rumba,,,http://dx.doi.org/10.1145/2749469.2750371,
saadi,SAADI,,,,
saadi-ec-a-quality-configurable-approximate-divider-for-energy-efficiency,SAADI-EC: A Quality-Configurable Approximate Divider for Energy Efficiency,,,10.1145/3287624.3287668,
salsa,SALSA,,,,
scalable-construction-of-approximate-multipliers-with-formally-guaranteed-worst,Scalable Construction of Approximate Multipliers With Formally Guaranteed Worst Case Error,,,10.1145/3094124,
scalable-variable-complexity-approximate-forward-dct,Scalable Variable Complexity Approximate Forward DCT,,,,
scaletrim-scalable-truncation-based-integer-approximate-multiplier-with-lineariz,scaleTRIM: Scalable TRuncation-Based Integer Approximate Multiplier With Linearization and Compensation,,,10.1109/tvlsi.2014.2333366,
seco-a-scalable-accuracy-approximate-exponential-function-via-cross-layer-optimi,SECO: A Scalable Accuracy Approximate Exponential Function Via Cross-Layer Optimization,,,,
securing-approximate-computing-systems-via-obfuscating-approximate-precise-bound,Securing Approximate Computing Systems via,,,,
seda-single-exact-dual-approximate-adders-for-approximate-processors,SEDA - Single Exact Dual Approximate Adders for Approximate Processors,,,,
sedaaf-fpga-based-single-exact-dual-approximate-adders-for-approximate-processor,SEDAAF: FPGA Based Single Exact Dual Approximate Adders for Approximate Processors,,,,
seerad-a-high-speed-yet-energy-efficient-rounding-based-approximate-divider,SEERAD: A High Speed yet Energy-Efficient Rounding­ based Approximate Divider,,,,
self-adaptive-fpga-based-image-processing-filters-using-approximate-arithmetics,Self-Adaptive FPGA-Based Image Processing Filters Using Approximate Arithmetics,,,,
serial-t0,Serial T0,,,,
sibam-sign-inclusive-broken-array-multiplier-design-for-error-tolerant-applicati,SIBAM—Sign Inclusive Broken Array Multiplier Design for Error Tolerant Applications,,,,
simplified-compressor-and-encoder-designs-for-low-cost-approximate-radix-4-booth,Simplified Compressor and Encoder Designs for Low-Cost Approximate Radix-4 Booth Multiplier,,,,
small-area-and-low-power-fpga-based-multipliers-using-approximate-elementary-mod,Small-Area and Low-Power FPGA-Based Multipliers using Approximate Elementary Modules,,,,
smapproxlib-library-of-fpga-based-approximate-multipliers,SMApproxLib: Library of FPGA-based Approximate Multipliers,,,,
sqrtlib-library-of-hardware-square-root-designs,SQRTLIB : Library of Hardware Square Root Designs,,,10.26538/tjnpr/v7i12.21,
squash-approximate-square-accumulate-with-self-healing,SquASH: Approximate Square-Accumulate With Self-Healing,,,10.1109/TETC.2016.2593644.,
statistical-error-analysis-for-low-power-approximate-adders,Statistical Error Analysis for Low Power Approximate Adders,,,,
study-and-performance-analysis-of-single-precision-floating-point-multiplier-for,Study and Performance Analysis of Single-Precision Floating-Point Multiplier for Multimedia Applications,,,10.1109/icecct.2019.8869485,
study-of-approximate-multiplier-with-different-adders,Study of Approximate Multiplier with Different Adders,,,,
substitute-and-simplify-a-unified-design-paradigm-for-approximate-and-quality-co,Substitute-and-Simplify: A Unified Design Paradigm for Approximate and Quality Configurable Circuits,,,,
survey-on-approximate-computing-and-its-intrinsic-fault-tolerance,Survey on Approximate Computing and Its Intrinsic Fault Tolerance,,,,
synthesis-of-approximate-parallel-prefix-adders,Synthesis of Approximate Parallel-Prefix Adders,,,10.1109/TETC.2023.3242555.,
synthesizing-parsimonious-inexact-circuits-through-probabilistic-design-techniqu,Synthesizing Parsimonious Inexact Circuits through Probabilistic Design Techniques,,,http://dx.doi.org/10.1145/2465787.2465795,
systematic-design-of-an-approximate-adder-the-optimized-lower-part-constant-or-a,Systematic Design of an Approximate Adder: The Optimized Lower Part Constant-OR Adder,,,10.1561/1000000021,
ten-years-of-building-broken-chips,Ten Years of Building Broken Chips,,,http://dx.do,
tfapprox-towards-a-fast-emulation-of-dnn-approximate-hardware-accelerators-on-gp,TFApprox: Towards a Fast Emulation of DNN Approximate Hardware Accelerators on GPU,,,,
the-effects-of-approximate-multiplication-on-convolutional-neural-networks,The Effects of Approximate Multiplication on Convolutional Neural Networks,,,,
theoretical-bounds-on-the-complexity-of-inexact-computations,Theoretical Bounds on the Complexity of Inexact Computations,,,10.1109/9780470544242.ch21,
thermal-aware-design-for-approximate-dnn-accelerators,Thermal-Aware Design for Approximate DNN Accelerators,,,10.1109/TNANO.2019.2928268,
tosam-an-energy-efficient-truncation-and-rounding-based-scalable-approximate-mul,TOSAM: An Energy-Efficient Truncation- and Rounding-Based Scalable Approximate Multiplier,,,10.1109/tvlsi.2014.2333366,
toward-approximate-computing-for-deep-learning-in-embedded-systems-a-systematic,Toward Approximate Computing for Deep Learning in Embedded Systems: A Systematic Literature Review,,,10.7717/peerj.17187/table-1,
toward-self-tunable-approximate-computing,Toward Self-Tunable Approximate Computing,,,,
towards-full-system-energy-accuracy-tradeoffs,Towards Full-System Energy-Accuracy Tradeoffs,,,,
towards-low-power-approximate-dct-architecture-for-hevc-standard,Towards low power approximate DCT architecture for HEVC standard,,,,
trading-accuracy-for-power-with-an-underdesigned-multiplier-architecture,Trading Accuracy for Power with an Underdesigned Multiplier Architecture,,,10.1109/78.205744,
transmission-gate-based-approximate-adders-for-inexact-computing,Transmission gate-based approximate adders for inexact computing,,,10.1109/ets.2013.6569370,
trea-low-precision-time-multiplexed-resource-efficient-edge-accelerator-for-obje,"TREA: Low-Precision Time-Multiplexed, Resource-Efficient Edge Accelerator for Object Detection and Classification",,,10.1109/cvpr52688.2022.01179,
truncapp-a-truncation-based-approximate-divider-for-energy-efficient-dsp-applica,TruncApp: A truncation-based approximate divider for energy efficient DSP applications,,,,
truncated-error-correction-for-flexible-approximate-multiplication,Truncated error correction for flexible approximate multiplication,,,,
truncated-multiplication-with-approximate-rounding,Truncated multiplication with approximate rounding,,,,
truncated-multiplication-with-correction-constant-for-dsp,Truncated multiplication with correction constant [for DSP],,,,
truncated-ternary-multipliers,Truncated ternary multipliers,,,10.1049/iet-cdt.2013.0133,
truncation-and-rounding-based-scalable-approximate-multiplier-design-for-compute,Truncation and Rounding-Based Scalable Approximate Multiplier Design for Computer Imaging Applications,,,,
truncation-based-approximate-multiplier-for-error-resilient-applications,Truncation Based Approximate Multiplier For Error Resilient Applications,,,,
two-efficient-approximate-unsigned-multipliers-by-developing-new-configuration-f,Two Efficient Approximate Unsigned Multipliers by Developing New Configuration for Approximate 4:2 Compressors,,,10.1017/9781009566544.013,
ultra-low-power-high-speed-flexible-probabilistic-adder-for-error-tolerant-appli,Ultra low-power high-speed flexible Probabilistic Adder for Error-Tolerant Applications,,,,
ultraefficient-imprecise-multipliers-based-on-innovative-4-2-approximate-compres,Ultraefficient imprecise multipliers based on innovative 4:2 approximate compressors,,,10.1002/cta.2876,
underdesigned-and-opportunistic-computing-in-presence-of-hardware-variability,Underdesigned and Opportunistic Computing in Presence of Hardware Variability,,,,
using-machine-learning-for-quality-configurable-approximate-computing,Using Machine Learning for Quality Configurable Approximate Computing,,,10.1093/owc/9780199553877.003.0023,
variable-precision-approximate-floating-point-multiplier-for-efficient-deep-lear,Variable-Precision Approximate Floating-Point Multiplier for Efficient Deep Learning Computation,,,10.1109/ets.2013.6569370,
voltage-adaptive-approximate-multiplier-with-selective-error-compensation-for-en,Voltage-Adaptive Approximate Multiplier with Selective Error Compensation for Energy-Efficient Computing,,,10.1109/tvlsi.2021.3104145,
walking-through-the-energy-error-pareto-frontier-of-approximate-multipliers,Walking through the Energy-Error Pareto Frontier of Approximate Multipliers,,,,
